0.8057785163012872,0.0903154296629401,0.0,3.380205516495403e-05,0.09995917881943742,0.0038489110951783,0.0,0.0,2.631417636328978e-05,9.398496240601503e-06,0.0,0.0,1.4652540211259152e-08,0.0,9.404910528473921e-06,0.0,0.0,3.400703482088161e-08,0.0,5.132239331511457e-08,0.0,0.0,0.0,0.0,0.0,0.0,0.0,0.0,0.0,0.0,0.0,0.0,0.0,0.0,5.132239331511457e-08,9.398496240601503e-06,0.0,0.0,0.0,0.0,9.475439393768854e-06,0.0,0.0,0.0,6.414287872418685e-09,0.0,0.0,0.0,0.0,0.0,0.0,0.0,0.0,0.0,0.0,0.0,0.0,0.0,0.0,0.0,1.282857574483737e-08,0.0,0.0,0.0,0.0,0.0,0.0,0.0,0.0,0.0,0.0,0.0
0.01997319097403076,0.7828886516701941,0.07384924238899833,0.0,0.005704539017300392,0.10243492682798992,0.014998223183344659,0.0,1.552871137512656e-05,4.745786232598947e-06,1.9947953240236055e-05,2.952434261459692e-06,3.8572250345916493e-07,3.391209983722192e-07,3.391209983722192e-07,1.1504037917308975e-05,2.0881960842599006e-06,2.618611453734174e-06,0.0,0.0,0.0,1.0571146352024247e-07,1.3066566315437363e-06,0.0,1.3615873216901679e-05,0.0,0.0,0.0,2.750720343890048e-07,0.0,1.0596381293402778e-08,2.6133132630874726e-06,0.0,0.0,2.5659564085908645e-05,1.3119548221904377e-06,1.3066566315437363e-06,1.3066566315437363e-06,0.0,1.3066566315437363e-06,1.4176662857106801e-06,5.226626526174945e-06,1.0596381293402778e-08,5.298190646701389e-09,2.6162762426255625e-06,0.0,9.69142502713599e-07,0.0,9.320301017389146e-09,1.3066566315437363e-06,0.0,0.0,3.475620606815553e-08,5.298190646701389e-09,0.0,1.4814897690449894e-09,0.0,1.3066566315437363e-06,0.0,0.0,1.2290600307019872e-05,2.6292078350275768e-06,8.375928603035363e-06,5.752018958654488e-06,0.0,0.0,0.0,0.0,0.0,0.0,0.0,0.0
2.6907561501011308e-05,0.0050189395884508966,0.9247164275538597,0.03395239350216124,3.302235928178225e-05,0.0003951155171917185,0.031547448217015495,0.0035291415424501286,6.382994383078774e-08,1.6685765969053142e-05,3.920682949429123e-05,3.711361070214048e-05,7.299775473769297e-08,2.4565383024595208e-05,1.1222027524378808e-05,7.037257513573588e-05,9.614750333990646e-06,9.737509812662259e-06,2.8599533887038903e-05,1.3306697740392202e-05,4.6705897363058965e-06,7.560280823057031e-06,3.66194977286458e-05,4.1051169740359615e-06,1.7888180744754852e-05,7.732120199331079e-06,1.142573367454126e-05,1.2398323552954725e-05,5.536592885734502e-06,1.169778001144803e-06,7.601688931288058e-06,1.689379553846307e-05,1.1768358985851736e-05,8.836270273938517e-08,0.00013947737121761098,0.00014378813433881058,2.0175150263035328e-07,4.227900762713297e-06,1.1669405850370528e-06,1.1609763346583944e-06,1.6692755817560044e-05,8.77743118281152e-06,1.3139904118532636e-05,9.634670611220964e-06,8.507702968500066e-06,8.801666486408537e-09,0.0,4.236702429199706e-06,2.0903032905514405e-06,8.801666486408537e-09,1.4585138001075332e-09,0.0,3.2248746257506093e-06,1.1609763346583944e-06,0.0,0.0,1.7603332972817074e-08,0.0,0.0,1.1609763346583944e-06,7.640007992319007e-06,3.3646970839251945e-06,2.562729239680794e-06,2.330754335803197e-06,0.0,0.0,0.0,0.0,0.0,0.0,0.0,0.0
1.7762140778464898e-08,0.00016888920422799587,0.039011531160018376,0.9419304692975041,0.0,0.0,0.0008396865416567313,0.018023228864180767,0.0,1.7762140778464898e-08,0.0,2.5932240105999907e-05,0.0,0.0,0.0,4.801548774777144e-08,0.0,0.0,0.0,1.7762140778464898e-08,3.0266367276604184e-09,0.0,0.0,0.0,0.0,1.7762140778464898e-08,1.7762140778464898e-08,1.7762140778464898e-08,0.0,0.0,0.0,0.0,0.0,0.0,5.253866845998655e-08,5.253866845998655e-08,0.0,0.0,0.0,0.0,0.0,0.0,0.0,0.0,0.0,0.0,0.0,0.0,0.0,0.0,0.0,0.0,0.0,0.0,0.0,0.0,0.0,0.0,0.0,0.0,0.0,0.0,0.0,0.0,0.0,0.0,0.0,0.0,0.0,0.0,0.0,0.0
0.019376911349517592,0.004666646087058759,0.0,4.268192744755245e-08,0.8418134630380365,0.03922119143055313,0.0,0.0,0.09070767587401349,0.004069523125854068,0.0,0.0,6.631347672261071e-05,8.53638548951049e-08,0.0,0.0,4.012995685227039e-07,0.0,0.0,0.0,1.173076230059581e-08,2.8163302090843546e-06,0.0,0.0,1.8571289485789322e-05,0.0,2.8163302090843546e-06,0.0,0.0,0.0,0.0,0.0,4.012995685227039e-07,0.0,0.0,0.0,4.012995685227039e-07,0.0,0.0,0.0,4.012995685227039e-07,0.0,0.0,0.0,0.0,0.0,0.0,0.0,0.0,0.0,0.0,0.0,0.0,0.0,0.0,0.0,0.0,0.0,0.0,0.0,5.2326693521197014e-05,0.0,0.0,0.0,0.0,0.0,0.0,0.0,0.0,0.0,0.0,0.0
0.00023662325628429228,0.03408448921647017,0.007709326351986897,0.0,0.010944830662974235,0.8178381166823855,0.052485092802429634,0.0,0.0032664067562069993,0.06603990928199402,0.007364506343000725,0.0,1.858014596662375e-05,9.654252442898661e-06,1.0527954075735405e-06,0.0,0.0,7.027573234299856e-07,0.0,3.5003808414355484e-07,0.0,0.0,3.5003808414355484e-07,0.0,0.0,0.0,0.0,0.0,0.0,0.0,0.0,0.0,0.0,0.0,8.618958730494952e-09,0.0,0.0,0.0,0.0,0.0,0.0,0.0,0.0,0.0,0.0,0.0,0.0,0.0,0.0,0.0,0.0,0.0,0.0,0.0,0.0,0.0,0.0,0.0,0.0,0.0,0.0,0.0,0.0,0.0,0.0,0.0,0.0,0.0,0.0,0.0,0.0,0.0
0.0,0.0006781283646501851,0.0811236956415175,0.0007588799388071376,0.0,0.005040709887223226,0.8552024912757257,0.013414065007560115,4.059268173051344e-09,0.0004311548669945905,0.04121635370992006,0.002106562284873272,0.0,0.0,3.986023228652041e-06,3.2030339137230783e-06,0.0,0.0,7.932302545990982e-07,6.636623116260894e-08,0.0,3.9903660545106624e-06,3.2030339137230783e-06,0.0,0.0,0.0,0.0,5.898113811514024e-09,1.1417083259289744e-09,0.0,0.0,5.898113811514024e-09,0.0,0.0,1.1906741673048082e-05,7.873321407875841e-07,0.0,0.0,0.0,0.0,0.0,5.898113811514024e-09,0.0,0.0,0.0,0.0,0.0,0.0,0.0,0.0,0.0,0.0,0.0,0.0,0.0,0.0,0.0,0.0,0.0,0.0,0.0,0.0,0.0,0.0,0.0,0.0,0.0,0.0,0.0,0.0,0.0,0.0
0.0,1.3770044779751202e-05,0.0063376338485757605,0.029095285346228156,0.0,0.0,0.028896254786272058,0.9075108025155643,0.0,0.0,0.001033683095714741,0.027112570362865226,0.0,0.0,0.0,0.0,0.0,0.0,0.0,0.0,0.0,0.0,0.0,0.0,0.0,0.0,0.0,0.0,0.0,0.0,0.0,0.0,0.0,0.0,0.0,0.0,0.0,0.0,0.0,0.0,0.0,0.0,0.0,0.0,0.0,0.0,0.0,0.0,0.0,0.0,0.0,0.0,0.0,0.0,0.0,0.0,0.0,0.0,0.0,0.0,0.0,0.0,0.0,0.0,0.0,0.0,0.0,0.0,0.0,0.0,0.0,0.0
1.0758735084339532e-06,0.000209860519830157,0.0,5.848380045514433e-08,0.023970846896539354,0.005350047788774867,0.0,0.0,0.7694502604844501,0.0565517437512106,0.0,0.0,0.13671485623325297,0.007709479373658172,0.0,0.0,7.223696301672299e-06,2.9241900227572166e-08,0.0,0.0,2.0235443431413178e-07,1.630865898463594e-08,0.0,0.0,0.0,2.1367112287764748e-08,0.0,0.0,2.9241900227572166e-08,0.0,0.0,0.0,0.0,0.0,0.0,0.0,0.0,0.0,0.0,0.0,0.0,0.0,0.0,0.0,0.0,0.0,0.0,0.0,0.0,0.0,0.0,0.0,0.0,0.0,0.0,3.4046030232874844e-05,2.0235443431413178e-07,0.0,0.0,0.0,0.0,0.0,0.0,0.0,0.0,0.0,0.0,0.0,0.0,0.0,0.0,0.0
0.0,1.3784916741044878e-05,7.746610285787314e-07,3.440841745503233e-08,0.00024898549934658813,0.05064977020165714,0.008563607588706413,0.0,0.00703060228082868,0.8470079584716417,0.034982097840601134,0.0,0.0015545226013364975,0.047660097382475765,0.002274123153554253,1.5418271811550727e-08,0.0,3.081586905777173e-07,2.7280720623072455e-09,0.0,8.184216186921735e-09,0.0,0.0,0.0,9.638873809406307e-08,2.8459479645527906e-07,0.0,0.0,7.014930465764446e-09,0.0,0.0,0.0,0.0,0.0,4.211755336080769e-08,0.0,1.3319572973222775e-06,0.0,0.0,0.0,9.638873809406307e-08,0.0,0.0,0.0,1.1445314288330358e-05,0.0,0.0,0.0,0.0,0.0,0.0,0.0,0.0,0.0,0.0,0.0,0.0,0.0,0.0,0.0,0.0,2.7280720623072455e-09,0.0,0.0,0.0,0.0,0.0,0.0,0.0,0.0,0.0,0.0
0.0,3.5314953288253646e-06,1.1326453265972305e-05,0.0,0.0,0.0006125437459196776,0.06155781088599209,0.000724416512548878,0.0,0.005682178751595826,0.8767790857930857,0.01103587173586771,0.0,0.0003252791922996811,0.04095203619838035,0.0022855293889056756,0.0,5.7571820895870144e-08,8.857091910812176e-06,3.605783806205367e-06,0.0,0.0,1.2912887165400033e-08,2.0973998952977973e-07,0.0,0.0,6.825803103867195e-07,3.380845481838098e-06,0.0,0.0,3.380845481838098e-06,0.0,0.0,0.0,1.3768164757798245e-06,4.083195022406485e-06,0.0,0.0,0.0,0.0,0.0,0.0,1.3616181409423356e-06,0.0,0.0,0.0,0.0,3.380845481838098e-06,0.0,0.0,0.0,0.0,0.0,0.0,0.0,0.0,0.0,0.0,0.0,0.0,0.0,0.0,0.0,0.0,0.0,0.0,0.0,0.0,0.0,0.0,0.0,0.0
0.0,1.3399486869680063e-06,2.4401629315382363e-06,2.4050486781852466e-06,0.0,8.778563338247455e-09,0.004389816902966978,0.03446963426511701,0.0,0.0,0.029853953579633594,0.8929203911859407,0.0,0.0,0.000832979629245679,0.03750271325022744,0.0,0.0,2.633569001474237e-08,2.3640645180506583e-07,0.0,0.0,0.0,2.4710589574898786e-07,0.0,1.755712667649491e-08,1.755712667649491e-08,0.0,0.0,0.0,8.778563338247455e-09,5.2006779354124065e-09,8.778563338247455e-09,0.0,1.1870374674868067e-05,5.267138002948474e-08,0.0,0.0,0.0,0.0,0.0,0.0,0.0,0.0,0.0,0.0,0.0,0.0,0.0,0.0,0.0,0.0,0.0,0.0,0.0,0.0,0.0,0.0,0.0,0.0,0.0,1.182648185817683e-05,0.0,0.0,0.0,0.0,0.0,0.0,0.0,0.0,0.0,0.0
6.299102385260794e-05,6.908319649455853e-05,0.0,2.8033141003559536e-08,8.409942301067861e-08,5.606628200711907e-08,0.0,2.8033141003559536e-08,0.026315620782048018,0.008065259971575752,0.0,0.0,0.8075627329480888,0.04623842656992147,1.6819884602135723e-07,0.0,0.1081416099678972,0.003396036207651565,2.8033141003559536e-08,0.0,9.862907720323001e-05,1.925760267052275e-05,0.0,0.0,1.268131233118637e-08,1.7823566077659776e-05,5.920923957522511e-06,0.0,0.0,2.8033141003559536e-08,0.0,0.0,1.6819884602135723e-07,0.0,5.892890816518951e-06,0.0,5.782818920956393e-08,0.0,0.0,0.0,0.0,0.0,0.0,0.0,0.0,0.0,0.0,0.0,0.0,0.0,0.0,0.0,0.0,0.0,0.0,0.0,0.0,0.0,0.0,0.0,2.8033141003559536e-08,0.0,2.8033141003559536e-08,0.0,0.0,0.0,0.0,0.0,0.0,0.0,0.0,0.0
0.0,1.4100186626091289e-05,1.3284023039809561e-06,0.0,0.0,3.653075226892392e-08,1.2351905686819838e-05,0.0,0.0001972974761681587,0.06108065138158656,0.003549859988577234,9.164867908591807e-08,0.007618973317894878,0.8819606172336907,0.004381747893449688,0.0,0.0017230172468751883,0.039450878319373245,1.2747557567969977e-06,0.0,4.1978756281811385e-08,3.3152181087741564e-06,0.0,0.0,1.8329735817183615e-07,2.8274801406724798e-06,0.0,0.0,5.998541154791155e-09,0.0,0.0,0.0,9.848285336895305e-08,6.834174283034977e-09,1.2747557567969977e-06,0.0,6.834174283034977e-09,0.0,0.0,0.0,0.0,0.0,0.0,0.0,0.0,0.0,0.0,0.0,0.0,0.0,0.0,0.0,0.0,0.0,0.0,0.0,0.0,0.0,0.0,0.0,5.998541154791155e-09,6.834174283034977e-09,0.0,0.0,0.0,0.0,0.0,0.0,0.0,0.0,0.0,0.0
8.818771176338851e-10,5.0454785728689245e-06,5.40763471499602e-07,6.30860695864582e-07,0.0,1.3113569131116524e-06,3.59205588780462e-06,6.30860695864582e-07,0.0,0.00027629784221705657,0.04024370046630249,0.00043728831299872284,4.683393600491089e-09,0.0015923086257248614,0.9156231665250965,0.009102857106157495,0.0,0.0,0.030789715954122495,0.001900116455049818,0.0,0.0,2.5911568997325928e-06,3.4345369562770806e-09,0.0,7.94434198828092e-06,6.342952328208591e-07,2.6019350675845174e-06,0.0,0.0,6.355440894650731e-07,0.0,0.0,0.0,6.46537598531313e-06,1.9110036290193453e-06,0.0,0.0,0.0,0.0,0.0,0.0,0.0,0.0,0.0,0.0,4.683393600491089e-09,0.0,0.0,0.0,0.0,0.0,0.0,0.0,0.0,0.0,0.0,0.0,0.0,0.0,0.0,0.0,0.0,0.0,0.0,0.0,0.0,0.0,0.0,0.0,0.0,0.0
0.0,1.6849559741082004e-05,1.1310440261130388e-06,6.538764329705261e-06,0.0,1.56187524990004e-07,4.064406051224237e-06,7.817190314188512e-08,0.0,0.0,0.008682773938841487,0.04365010829504461,0.0,0.0,0.029293507659634878,0.8618646721196801,0.0,0.0,0.0015852083642069821,0.05486977438754557,0.0,0.0,3.12375049980008e-07,2.1986505024108303e-05,0.0,0.0,1.7778811114350986e-07,0.0,0.0,0.0,4.703514526259007e-09,1.56187524990004e-07,0.0,0.0,9.521974196646814e-07,1.3911573007842225e-06,0.0,0.0,0.0,0.0,0.0,0.0,0.0,0.0,0.0,0.0,0.0,0.0,0.0,0.0,0.0,0.0,0.0,0.0,0.0,0.0,0.0,0.0,0.0,0.0,0.0,1.56187524990004e-07,0.0,0.0,0.0,0.0,0.0,0.0,0.0,0.0,0.0,0.0
0.0,0.00035553195856166556,0.0,0.0,3.9607499188838414e-08,0.0,0.0,0.0,0.0,3.4302349837528945e-05,3.9607499188838414e-08,0.0,0.05184663008402879,0.01750891048845275,0.0,3.9607499188838414e-08,0.7378546880935752,0.04487594179809912,0.0,3.9607499188838414e-08,0.14389506767205051,0.00352827211046296,2.3144033653276455e-07,0.0,3.2799911813755816e-05,3.127663275387605e-07,4.0662995502998e-08,0.0,1.5436672594348943e-06,2.389786853954581e-08,0.0,0.0,0.0,0.0,3.9607499188838414e-08,0.0,4.0662995502998e-08,0.0,0.0,0.0,3.9607499188838414e-08,3.4223134839151266e-05,0.0,0.0,0.0,0.0,0.0,3.9607499188838414e-08,0.0,0.0,0.0,0.0,0.0,0.0,0.0,0.0,0.0,0.0,0.0,0.0,2.3472008189102906e-06,2.881484718228572e-05,0.0,0.0,0.0,0.0,0.0,0.0,0.0,0.0,0.0,0.0
0.0,6.589323323785488e-06,0.0,0.0,0.0,8.416220717157246e-07,4.1596784069430024e-07,0.0,0.0,1.3216820547681405e-05,0.0,0.0,0.00020032831524150865,0.07892192637472364,6.933169142349397e-06,0.0,0.006876610029898395,0.8628320610868156,0.006785051859395335,0.0,0.002517618639464507,0.041709190797905075,8.948998225549054e-05,0.0,1.6900140029974647e-05,6.969615411417043e-06,0.0,0.0,1.937278065424825e-08,0.0,4.1596784069430024e-07,0.0,0.0,0.0,0.0,0.0,1.5634078640008674e-06,0.0,0.0,0.0,6.910276963900713e-06,0.0,0.0,0.0,6.910276963900713e-06,0.0,0.0,9.686390327124124e-09,0.0,0.0,0.0,0.0,0.0,0.0,0.0,0.0,0.0,9.686390327124124e-09,0.0,0.0,7.894348606350644e-09,9.686390327124124e-09,0.0,0.0,0.0,0.0,0.0,0.0,0.0,0.0,0.0,0.0
0.0,1.8083889046801413e-06,1.3696475536530004e-06,8.790436005625879e-07,0.0,8.790436005625879e-07,1.3696475536530004e-06,1.7580872011251758e-06,0.0,0.0,1.2235425114800008e-05,1.7804451690041094e-06,0.0,7.433566513412295e-09,0.05017768505495643,0.0006830365256142855,0.0,0.0023295451147485155,0.9015856498177367,0.010315664386534574,0.0,1.0738463815982454e-05,0.03298911478338449,0.0018524677425248237,0.0,7.433566513412295e-09,1.0420357209845154e-05,3.590648991081242e-06,0.0,0.0,2.504438359205353e-07,1.486713302682459e-08,0.0,0.0,1.347655874585964e-05,6.240355218657746e-06,0.0,0.0,0.0,0.0,0.0,0.0,0.0,5.141859375329079e-09,0.0,0.0,0.0,0.0,0.0,0.0,0.0,5.141859375329079e-09,0.0,0.0,0.0,0.0,0.0,0.0,0.0,0.0,0.0,0.0,0.0,0.0,0.0,0.0,0.0,0.0,0.0,0.0,0.0,0.0
8.482996004169562e-08,1.6410750418902504e-05,6.347028906648577e-06,9.498262476112432e-06,0.0,0.0,1.0493295208726866e-05,0.0,0.0,0.0,1.2655678718926258e-05,3.151949165363861e-06,0.0,0.0,0.0068556483010690315,0.05680705695646891,0.0,0.0,0.034979071423190476,0.829988962259737,0.0,2.681943014074837e-07,0.002427602088881583,0.06866565302247038,0.0,4.241498002084781e-08,0.0,0.00012380032096250812,0.0,0.0,0.0,0.0,0.0,0.0,6.729101002045512e-06,8.646014181389141e-05,0.0,0.0,0.0,0.0,0.0,0.0,2.1565287960427525e-08,0.0,0.0,0.0,0.0,0.0,0.0,0.0,0.0,0.0,0.0,0.0,0.0,0.0,0.0,0.0,0.0,0.0,0.0,0.0,0.0,4.241498002084781e-08,0.0,0.0,0.0,0.0,0.0,0.0,0.0,0.0
0.0,5.068272250253363e-06,0.0,0.0,0.0,1.0665820227173438e-07,0.0,0.0,0.0,1.6047037075074459e-06,0.0,0.0,0.0,4.7034918723660445e-06,1.0583978193956735e-08,0.0,0.052729956125718555,0.019848377476540224,0.0,0.0,0.7147458659416022,0.07069990400433811,0.0,0.0,0.13997980170661584,0.0018089148426468152,0.0,0.0,0.00014777328416276664,1.4709038739607182e-08,0.0,0.0,0.0,0.0,0.0,0.0,0.0,8.455818685600485e-08,0.0,0.0,3.5552734090578125e-08,0.0,0.0,0.0,2.76121051468964e-05,0.0,0.0,0.0,0.0,0.0,0.0,0.0,0.0,0.0,0.0,0.0,0.0,0.0,0.0,0.0,1.659832582646384e-07,0.0,0.0,0.0,0.0,0.0,0.0,0.0,0.0,0.0,0.0,0.0
0.0,3.0694908256337565e-06,0.0,0.0,0.0,0.0,0.0,0.0,0.0,1.77110966023785e-06,8.144383633046651e-07,0.0,0.0,3.5826914565381454e-05,4.0721918165233253e-07,0.0,0.0003358411189534117,0.06867139342807144,0.0001544718503554192,0.0,0.012539821618715773,0.860802666159978,0.01803902489257589,0.0,0.004314632236966223,0.03494958923495617,0.00013108138429406067,0.0,4.0721918165233253e-07,0.0,0.0,0.0,8.144383633046651e-07,0.0,0.0,0.0,0.0,0.0,0.0,0.0,1.2641994886565908e-07,1.673416111650323e-05,0.0,0.0,0.0,0.0,0.0,0.0,0.0,0.0,0.0,0.0,0.0,0.0,0.0,0.0,0.0,0.0,0.0,0.0,4.7031520901560395e-08,1.4596324061748289e-06,0.0,0.0,0.0,0.0,0.0,0.0,0.0,0.0,0.0,0.0
0.0,1.1118408591512851e-08,0.0,0.0,0.0,8.394406732815437e-07,0.0,0.0,0.0,8.330223383270245e-07,1.905342580595991e-06,0.0,0.0,0.0,1.2171250575615449e-05,0.0,0.0,3.6812766506561835e-05,0.04317169350629022,0.000608641881472869,0.0,0.00790653783522861,0.90114042594727,0.013301427001968458,0.0,0.0012834236835008632,0.029026769845472415,0.003485959103647159,0.0,0.0,2.428678962114926e-07,1.1101847943085577e-05,0.0,0.0,2.570285888427345e-06,4.7054371429052785e-06,0.0,0.0,0.0,0.0,0.0,0.0,0.0,0.0,0.0,0.0,0.0,0.0,0.0,0.0,0.0,0.0,0.0,0.0,0.0,0.0,0.0,0.0,0.0,0.0,0.0,6.65187998092773e-08,3.861296395986741e-06,0.0,0.0,0.0,0.0,0.0,0.0,0.0,0.0,0.0
0.0,2.5778169061220524e-05,2.7837163727062178e-06,0.0,0.0,2.7837163727062178e-06,2.7837163727062178e-06,2.7837163727062178e-06,0.0,0.0,8.615460961623291e-07,2.7837163727062178e-06,0.0,0.0,3.0785031400772306e-06,1.19964115869872e-05,0.0,0.0,0.009508177332306675,0.05897027149351408,0.0,0.0,0.04197878509335268,0.8021547962886193,0.0,0.0,0.003359142334807298,0.08392215972290716,0.0,0.0,0.0,4.785581640479782e-05,0.0,0.0,2.8029143458917175e-06,3.456176491927341e-07,0.0,0.0,0.0,0.0,0.0,0.0,0.0,3.0174344951180327e-08,0.0,0.0,0.0,0.0,0.0,0.0,0.0,0.0,0.0,0.0,0.0,0.0,0.0,0.0,0.0,0.0,0.0,0.0,0.0,0.0,0.0,0.0,0.0,0.0,0.0,0.0,0.0,0.0
1.5488699444885012e-06,1.5121057359552802e-05,0.0,0.0,0.0,0.0,0.0,0.0,1.5862297984850456e-06,0.0,0.0,0.0,0.0,3.6518653787852496e-06,0.0,0.0,2.763770024414728e-05,2.4200465698610573e-05,0.0,0.0,0.09467553546542462,0.025397265847634784,2.281021897810219e-05,0.0,0.6970687722127162,0.04906956858559934,4.0027154421559584e-07,0.0,0.13163241585066238,0.0019390239827381365,0.0,0.0,4.704023517442131e-05,1.1859582542694498e-06,0.0,0.0,2.1066582535162654e-08,0.0,0.0,0.0,0.0,6.690216227788482e-06,0.0,0.0,0.0,0.0,0.0,0.0,0.0,0.0,0.0,0.0,0.0,0.0,0.0,0.0,9.459663992734978e-06,0.0,0.0,0.0,5.603290584107827e-05,0.0,3.1330205325633623e-08,0.0,0.0,0.0,0.0,0.0,0.0,0.0,0.0,0.0
1.2249291305002259e-08,9.179965854149309e-05,3.33831855570986e-06,0.0,0.0,6.682709354990332e-06,0.0,0.0,1.5532550260847435e-08,8.256192315941757e-06,1.5532550260847435e-08,0.0,0.0,5.9583025957769515e-06,6.692169661680568e-06,0.0,0.0,2.597174870110993e-05,0.0,0.0,0.0006892767703940384,0.08083829152351224,0.005053831741900659,6.67663711141972e-06,0.01598381480733456,0.8738054767927395,0.002003362497262511,0.0,0.004086951907181334,0.017353707923750877,0.0,8.723072390802804e-07,1.2710690895318788e-05,4.989462255715928e-07,3.106510052169487e-08,1.3779581109230361e-05,0.0,0.0,0.0,0.0,2.6500566304664383e-07,0.0,0.0,0.0,0.0,0.0,0.0,0.0,0.0,0.0,0.0,0.0,0.0,0.0,0.0,0.0,0.0,0.0,0.0,0.0,1.709388461601273e-06,0.0,0.0,0.0,0.0,0.0,0.0,0.0,0.0,0.0,0.0,0.0
0.0,1.2357855961051267e-05,0.0,1.3559836848043045e-06,0.0,0.0,0.0,0.0,0.0,0.0,0.0,0.0,0.0,0.0,3.066262829595378e-06,0.0,0.0,0.0,2.771925749295511e-05,1.3559836848043045e-06,0.0,0.0002502990785084629,0.05140572540388746,0.0010775325179696116,0.0,0.0006215355387617946,0.900726170135356,0.016821443743527748,0.0,1.0994106455317138e-08,0.026238208207450417,0.0027433499015701666,0.0,0.0,3.419628063297536e-05,2.1770852868268975e-05,0.0,0.0,0.0,0.0,0.0,0.0,2.711967369608609e-06,9.818745949767296e-06,0.0,0.0,7.652351586008024e-09,0.0,0.0,0.0,0.0,0.0,0.0,0.0,0.0,0.0,0.0,0.0,0.0,0.0,0.0,0.0,1.3636360363903126e-06,0.0,0.0,0.0,0.0,0.0,0.0,0.0,0.0,0.0
0.0,1.4877696002698185e-05,5.555384367415049e-08,5.425268540531445e-06,0.0,2.7010674618609276e-06,0.0,3.484320557491289e-05,0.0,0.0,2.7242010786705168e-06,9.114507379105174e-07,0.0,0.0,9.066455823255308e-06,0.0,0.0,2.7010674618609276e-06,5.555384367415049e-08,2.258412601535535e-05,0.0,5.402134923721855e-06,0.011472824160078481,0.0782045499323985,0.0,2.7010674618609276e-06,0.03667856472907484,0.7909658203895769,0.0,0.0,0.003623227479032898,0.07888284358155162,0.0,0.0,4.626723361917847e-08,6.802649957879282e-05,0.0,0.0,6.4611397078282965e-09,0.0,2.3133616809589234e-08,0.0,0.0,0.0,0.0,0.0,0.0,0.0,0.0,0.0,0.0,0.0,0.0,0.0,0.0,0.0,0.0,0.0,0.0,0.0,0.0,0.0,0.0,1.8517947891383494e-08,0.0,0.0,0.0,0.0,0.0,0.0,0.0,0.0
0.0,1.4213661278686131e-06,0.0,0.0,0.0,0.0,0.0,0.0,0.0,1.1084704880817253e-06,0.0,0.0,0.0,3.4964643752237736e-08,0.0,0.0,1.1084704880817253e-06,5.542352440408626e-06,0.0,3.4964643752237736e-08,1.407118659696368e-07,2.435678830647059e-05,0.0,0.0,0.12290594817258188,0.010810805582901215,6.992928750447547e-08,0.0,0.7097245047920999,0.028915180461906727,0.0,0.0,0.12610205130808894,0.0014377660465800521,3.4964643752237736e-08,0.0,6.305886161246054e-05,0.0,0.0,0.0,3.3620146536724805e-06,1.1354116296619504e-06,0.0,0.0,0.0,0.0,0.0,0.0,1.1084704880817253e-06,0.0,0.0,0.0,0.0,0.0,0.0,0.0,0.0,3.4964643752237736e-08,0.0,0.0,1.1909298780487805e-06,0.0,0.0,0.0,0.0,0.0,0.0,0.0,0.0,0.0,0.0,0.0
0.0,8.926025468703248e-06,0.0,0.0,0.0,3.432315830170111e-08,0.0,0.0,0.0,3.541863122007834e-08,0.0,0.0,0.0,1.5266243282852956e-06,3.432315830170111e-08,0.0,0.0,3.053248656570591e-06,0.0,0.0,0.0,3.0581291264450514e-06,0.0,0.0,0.0029736245214236146,0.08514815552545454,0.0,0.0,0.019209123612401763,0.8639493426418433,0.0,0.0,0.004244119723619876,0.024458965882729028,0.0,0.0,0.0,0.0,0.0,0.0,0.0,0.0,0.0,0.0,0.0,0.0,0.0,0.0,0.0,0.0,0.0,0.0,0.0,0.0,0.0,0.0,0.0,0.0,0.0,0.0,0.0,0.0,0.0,0.0,0.0,0.0,0.0,0.0,0.0,0.0,0.0,0.0
0.0,1.7000788836602018e-06,0.0,0.0,0.0,0.0,0.0,0.0,0.0,0.0,0.0,0.0,0.0,0.0,2.2144313755951545e-06,0.0,0.0,0.0,1.5430574758048589e-06,0.0,0.0,0.0,4.7326685890135456e-08,0.0,0.0,0.0,0.0524941592680267,0.002040020485979838,0.0,1.7327975974479276e-06,0.890610958456235,0.01728912050514058,0.0,0.0,0.03501399738365736,0.0025140598335867156,0.0,0.0,1.1349964885962036e-05,0.0,0.0,0.0,8.682625321867027e-06,1.0287049838699058e-06,0.0,0.0,0.0,0.0,0.0,0.0,0.0,1.1587120313241575e-08,0.0,0.0,0.0,0.0,0.0,0.0,0.0,0.0,0.0,0.0,9.373493043519348e-06,0.0,0.0,0.0,0.0,0.0,0.0,0.0,0.0,0.0
0.0,0.00011294164879060279,0.0,8.449656943928076e-06,0.0,0.0,2.112414235982019e-06,0.0,0.0,0.0,2.112414235982019e-06,0.0,0.0,0.0,4.224828471964038e-06,4.224828471964038e-06,0.0,0.0,1.143993398708217e-05,7.320936991501836e-06,0.0,6.337242707946057e-06,1.4786899651874133e-05,1.1923955308320003e-05,0.0,4.224828471964038e-06,0.00844917147703662,0.10204942177955122,0.0,0.0,0.03275468253394012,0.7612499984383232,0.0,0.0,0.0049993744247889315,0.09022451112213282,0.0,0.0,0.0,7.829205906765238e-05,0.0,0.0,0.0,2.1744338421748327e-06,0.0,0.0,0.0,0.0,0.0,0.0,0.0,2.112414235982019e-06,0.0,0.0,0.0,0.0,0.0,0.0,0.0,0.0,0.0,0.0,6.901864939561183e-08,9.271016281387953e-08,0.0,0.0,0.0,0.0,0.0,0.0,0.0,0.0
0.0,8.143549807884394e-06,0.0,0.0,3.752041110364038e-07,0.0,0.0,0.0,0.0,0.0,0.0,0.0,0.0,0.0,0.0,0.0,0.0,0.0,0.0,0.0,2.014591442836862e-06,2.2427745385467508e-05,0.0,0.0,4.108790642101828e-05,1.054125764576999e-06,0.0,0.0,0.12358260564951193,0.010284005994618428,0.0,0.0,0.7119088630086403,0.031797712745856056,0.0,0.0,0.12073250759046328,0.0015648840722651703,0.0,0.0,2.8159326121693712e-05,1.8804986639602566e-05,0.0,0.0,9.916857070322418e-07,8.517920068383225e-09,0.0,0.0,0.0,0.0,0.0,0.0,0.0,8.517920068383225e-09,0.0,0.0,0.0,8.517920068383225e-09,0.0,0.0,7.095797761314025e-08,6.256787585765062e-06,8.517920068383225e-09,0.0,0.0,0.0,0.0,0.0,0.0,0.0,0.0,0.0
0.0,8.214413772691308e-07,0.0,0.0,0.0,0.0,0.0,0.0,0.0,0.0,0.0,0.0,0.0,0.0,0.0,0.0,0.0,0.0,0.0,0.0,0.0,3.62360853432282e-06,0.0,0.0,0.0,3.62360853432282e-06,0.0,0.0,0.0026294754870238696,0.07795809597227121,0.0,0.0,0.030000898530960666,0.8782831700036802,0.0,0.0,0.0045014824643666304,0.006616997078984321,0.0,0.0,0.0,0.0,0.0,0.0,1.81180426716141e-06,0.0,0.0,0.0,0.0,0.0,0.0,0.0,0.0,0.0,0.0,0.0,0.0,0.0,0.0,0.0,0.0,0.0,0.0,0.0,0.0,0.0,0.0,0.0,0.0,0.0,0.0,0.0
0.0,1.4514184781683278e-06,0.0,0.0,0.0,0.0,0.0,0.0,0.0,0.0,0.0,0.0,0.0,0.0,0.0,0.0,0.0,0.0,0.0,0.0,1.5648535397237446e-08,0.0,3.90156811825809e-07,1.2846601303159236e-06,0.0,0.0,4.499789041409935e-05,1.5648535397237446e-08,0.0,0.0,0.04147003543824188,0.0025584703587150223,0.0,6.200742092230546e-06,0.9100431996493442,0.01594067896832549,0.0,0.0,0.027443702001341747,0.00208692454109416,0.0,0.0,0.00017863109200435946,5.929544424878403e-05,0.0,0.0,2.1848326081593193e-05,4.0580534722304645e-07,0.0,0.0,0.0,8.003454469481843e-06,0.0,0.0,2.4526699148646588e-08,1.1836583423262178e-08,0.0,1.5110981245516677e-07,1.903655958355742e-05,3.7753089476308062e-06,0.0,2.4526699148646588e-08,8.628981788244867e-05,2.513506958078777e-05,0.0,0.0,0.0,0.0,0.0,0.0,0.0,0.0
0.0,1.3136747023078686e-05,1.9518757994883276e-08,0.0,0.0,0.0,0.0,0.0,0.0,0.0,0.0,0.0,0.0,0.0,0.0,0.0,0.0,0.0,8.558829973707275e-07,8.558829973707275e-07,0.0,0.0,3.390557342410877e-06,0.0,0.0,0.0,6.781114684821754e-06,4.4001818876424007e-05,0.0,0.0,0.004685134781439237,0.08650806223741023,1.9518757994883276e-08,0.0,0.05089503658046571,0.7858191264345815,0.0,0.0,0.004687202539945358,0.06705643374715402,0.0,0.0,1.3594196728395031e-05,8.5492225406043e-05,0.0,0.0,2.591657311542835e-08,5.184330097507969e-06,0.0,0.0,3.797194571895171e-08,9.469901401688735e-07,0.0,0.0,1.9518757994883276e-08,6.388851883438006e-08,0.0,3.8849697671085166e-07,3.2994070272620185e-07,2.3844533338374018e-05,0.0,2.9196875700725016e-07,8.821065606532216e-05,6.151200355852651e-05,0.0,0.0,0.0,0.0,0.0,0.0,0.0,0.0
1.131307808453861e-06,1.306711116285587e-06,0.0,0.0,1.0158637279760743e-06,0.0,0.0,0.0,0.0,3.775467795561741e-08,0.0,0.0,0.0,3.775467795561741e-08,0.0,0.0,3.775467795561741e-08,0.0,0.0,0.0,1.0536184059316917e-06,0.0,0.0,0.0,3.056378910693755e-06,7.538699652171616e-08,0.0,0.0,9.741193668686839e-05,3.775467795561741e-08,0.0,0.0,0.15082890724945186,0.007749742495010212,0.0,0.0,0.7041210360002625,0.015153224120415688,0.0,0.0,0.12011676660519406,0.001913350323157563,0.0,0.0,4.072242638669829e-06,0.0,0.0,0.0,1.0334391815071375e-06,2.884459180056711e-08,0.0,0.0,0.0,4.0743055807310053e-07,0.0,0.0,0.0,4.6511974167423477e-07,0.0,0.0,5.706218248150988e-06,5.768918360113422e-08,0.0,0.0,0.0,0.0,0.0,0.0,0.0,0.0,0.0,0.0
0.0,5.353586386488663e-07,0.0,0.0,0.0,0.0,0.0,0.0,0.0,0.0,0.0,0.0,0.0,0.0,0.0,0.0,0.0,0.0,0.0,0.0,0.0,2.5938991492010792e-05,0.0,0.0,0.0,4.799569958531716e-06,0.0,0.0,1.187569924117132e-08,2.399784979265858e-06,0.0,0.0,0.010577621013846416,0.037586991067880327,0.0,0.0,0.05518605041399578,0.8662548006411915,0.0,0.0,0.0025645449435208814,0.027756190806063074,0.0,0.0,4.011553273427471e-05,0.0,0.0,0.0,0.0,0.0,0.0,0.0,0.0,0.0,0.0,0.0,0.0,0.0,0.0,0.0,0.0,0.0,0.0,0.0,0.0,0.0,0.0,0.0,0.0,0.0,0.0,0.0
0.0,2.9544457554305077e-08,0.0,0.0,0.0,0.0,0.0,0.0,0.0,0.0,0.0,0.0,0.0,0.0,0.0,0.0,0.0,0.0,0.0,0.0,0.0,0.0,5.9088915108610154e-08,2.080780908751931e-07,0.0,0.0,7.474288447739775e-07,0.0,0.0,0.0,5.489026682746424e-05,0.0,0.0,0.0,0.07894788241569856,0.004009453721219223,0.0,6.148089272223621e-08,0.8427850106355383,0.02306442278902012,0.0,2.461889943671958e-06,0.04823228234419832,0.0028985335687199587,0.0,0.0,7.474288447739775e-07,0.0,0.0,0.0,7.474288447739775e-07,0.0,0.0,0.0,0.0,0.0,0.0,0.0,0.0,0.0,0.0,0.0,2.461889943671958e-06,0.0,0.0,0.0,0.0,0.0,0.0,0.0,0.0,0.0
0.0,5.416428760907171e-06,4.849472377405338e-06,0.0,0.0,0.0,0.0,0.0,0.0,0.0,0.0,0.0,0.0,0.0,4.001280409731114e-06,0.0,0.0,0.0,0.0,0.0,0.0,0.0,0.0,0.0,0.0,4.001280409731114e-06,1.6061187920931573e-05,4.057353130218022e-06,0.0,0.0,4.119208498126235e-06,3.2477999755649922e-06,0.0,0.0,0.007665573633016436,0.11549174091442567,0.0,0.0,0.03644178393447203,0.7476936058773529,0.0,0.0,0.005310845053413536,0.08722066730613784,0.0,0.0,9.080585620769174e-09,0.00012423860718951418,0.0,0.0,0.0,5.585346717467925e-06,0.0,0.0,0.0,5.606628200711907e-08,0.0,0.0,0.0,0.0,0.0,0.0,1.1213256401423814e-07,2.8036360243454295e-08,0.0,0.0,0.0,0.0,0.0,0.0,0.0,0.0
0.0,7.1891347476243085e-06,0.0,0.0,3.3075783234546993e-06,0.0,0.0,0.0,0.0,2.7030627214348982e-08,0.0,0.0,0.0,0.0,0.0,0.0,1.775373057873839e-05,0.0,0.0,0.0,0.0,2.7030627214348982e-08,0.0,0.0,0.0,0.0,0.0,0.0,1.0698390961999316e-06,0.0,0.0,0.0,6.330007466335256e-05,1.0698390961999316e-06,0.0,0.0,0.13921967276027872,0.0034436969948036956,0.0,0.0,0.7281035289371004,0.018395041269214794,0.0,0.0,0.11054516589926743,0.00016098046364533284,0.0,0.0,2.7433247701515437e-05,1.5256913135967612e-06,0.0,0.0,4.169424045768935e-08,7.643726518472135e-08,0.0,0.0,4.169424045768935e-08,1.0179399072530594e-06,0.0,0.0,5.304301380451567e-07,7.055241465984189e-06,4.47041657129778e-07,0.0,0.0,0.0,0.0,0.0,0.0,0.0,0.0,0.0
1.8375867340938493e-06,1.1871593336338161e-06,5.38703938658429e-08,0.0,0.0,0.0,0.0,0.0,0.0,0.0,0.0,0.0,0.0,0.0,0.0,0.0,0.0,0.0,0.0,0.0,5.38703938658429e-08,0.0,0.0,0.0,5.38703938658429e-08,0.0,0.0,0.0,0.0,1.8375867340938493e-06,0.0,0.0,0.0,1.8375867340938493e-06,0.0,0.0,0.0053766607903093875,0.0473353676766466,0.0,0.0,0.020915393392596213,0.9256164469177799,0.0,0.0,0.0005681863457706639,0.00018108334617969148,0.0,0.0,0.0,0.0,0.0,0.0,0.0,0.0,0.0,0.0,0.0,0.0,0.0,0.0,0.0,0.0,0.0,0.0,0.0,0.0,0.0,0.0,0.0,0.0,0.0,0.0
0.0,4.009446185313012e-05,1.6240312978114815e-08,0.0,0.0,2.34468787515006e-06,0.0,0.0,0.0,0.0,2.34468787515006e-06,0.0,5.9054969310313546e-08,0.0,0.0,0.0,0.0,0.0,0.0,0.0,0.0,0.0,2.392260403862261e-06,0.0,0.0,0.0,2.34468787515006e-06,0.0,0.0,0.0,4.68937575030012e-06,0.0,0.0,0.0,4.380081655655416e-06,0.0,0.0,0.0,0.07053085155755895,0.003624245888522749,0.0,0.0,0.8830917252469919,0.018473085652839102,0.0,0.0,0.021414287552481332,0.0027840479323465025,0.0,0.0,4.410797123519697e-07,0.0,0.0,0.0,2.34468787515006e-06,0.0,0.0,0.0,3.1332215734086243e-08,2.34468787515006e-06,0.0,0.0,1.7928843010426733e-05,0.0,0.0,0.0,0.0,0.0,0.0,0.0,0.0,0.0
0.0,1.0178652530911127e-05,0.0,4.920484962997953e-06,0.0,0.0,0.0,0.0,0.0,0.0,0.0,0.0,0.0,4.920484962997953e-06,0.0,4.920484962997953e-06,0.0,0.0,4.920484962997953e-06,0.0,0.0,0.0,4.920484962997953e-06,4.920484962997953e-06,0.0,0.0,1.9681939851991812e-05,4.920484962997953e-06,0.0,0.0,0.0,8.046823500329598e-09,0.0,0.0,9.840969925995906e-06,1.3264432672895894e-05,0.0,0.0,0.006929033432722744,0.1100266825406826,0.0,0.0,0.03897105585104681,0.7580312164556107,0.0,0.0,0.003751987934665655,0.08216181918143603,0.0,0.0,0.0,9.785195390781563e-08,0.0,0.0,1.2845281157513976e-06,8.710691176460723e-08,0.0,0.0,0.0,4.974974556793288e-06,0.0,0.0,2.928062428251791e-05,5.062081468557896e-06,0.0,0.0,0.0,0.0,0.0,0.0,0.0,0.0
0.0,7.689204689090542e-06,0.0,0.0,0.0,7.908669420149012e-08,0.0,0.0,0.0,0.0,0.0,0.0,6.425091452181694e-09,3.954334710074506e-08,0.0,0.0,0.0,1.9839695262280773e-05,0.0,0.0,0.0,3.954334710074506e-08,0.0,0.0,3.954334710074506e-08,7.078944387812889e-06,0.0,3.954334710074506e-08,0.0,7.908669420149012e-08,0.0,0.0,4.6613961813842484e-06,0.0,0.0,0.0,3.105375889044324e-05,0.0,0.0,0.0,0.12738335218649657,0.0005012144480875255,0.0,0.0,0.7239122970387446,0.017387827612279153,3.954334710074506e-08,0.0,0.12858717821835539,0.0020173767934077175,0.0,0.0,2.3619997284883617e-05,1.4167103715800913e-05,0.0,0.0,1.4122744439953413e-07,8.328763638172227e-06,3.954334710074506e-08,0.0,4.9857610552220476e-05,4.3456926846828174e-05,4.572151732824377e-07,0.0,0.0,0.0,0.0,0.0,0.0,0.0,0.0,0.0
0.0,1.4721455921369996e-08,0.0,0.0,0.0,0.0,0.0,0.0,0.0,0.0,0.0,0.0,0.0,0.0,0.0,0.0,0.0,0.0,0.0,0.0,0.0,0.0,0.0,0.0,0.0,0.0,0.0,0.0,0.0,0.0,0.0,0.0,1.7677339065505147e-06,1.7677339065505147e-06,0.0,0.0,5.4253472222222225e-08,1.7677339065505147e-06,0.0,0.0,0.0007644202429622753,0.0010738230906859653,0.0,0.0,0.025172745928240245,0.9585457175461845,0.0,0.0,0.0018425597458912755,0.01234296311885934,0.0,0.0,0.0,0.0,0.0,0.0,3.6240501366042192e-06,2.3632027958196312e-05,1.3201250422440013e-06,0.0,2.720182462257831e-05,0.00017303521710864339,2.3584905660377357e-05,0.0,0.0,0.0,0.0,0.0,0.0,0.0,0.0,0.0
0.0,1.9472167931795944e-05,0.0,0.0,0.0,0.0,0.0,0.0,0.0,0.0,0.0,0.0,0.0,0.0,0.0,0.0,0.0,0.0,0.0,0.0,0.0,0.0,3.9775272890192245e-08,0.0,0.0,0.0,3.9775272890192245e-08,0.0,0.0,0.0,0.0,0.0,0.0,0.0,9.401001960530067e-07,3.99872040946897e-05,0.0,0.0,5.787465738202829e-07,5.1198621159693824e-08,0.0,0.0,0.025467751740015233,0.003080613469739449,0.0,3.9775272890192245e-08,0.8967766143559709,0.023280485583520735,0.0,0.0,0.048646391774370024,0.002308444587628542,0.0,0.0,4.6315080335621245e-05,2.3013389603464533e-05,0.0,4.5658463043934596e-08,1.1699804975672526e-06,1.4657660056539028e-05,0.0,4.013791058258973e-06,0.00024115341797058764,4.818076753384143e-05,0.0,0.0,0.0,0.0,0.0,0.0,0.0,0.0
1.0096800041356493e-08,4.984983378638193e-06,0.0,0.0,0.0,0.0,0.0,0.0,0.0,0.0,0.0,0.0,0.0,0.0,4.798464491362764e-06,8.768159208447061e-09,0.0,0.0,0.0,0.0,0.0,0.0,4.798464491362764e-06,0.0,0.0,6.542693956853812e-08,1.4395393474088291e-05,2.9625121344497026e-08,0.0,0.0,4.798464491362764e-06,2.9625121344497026e-08,0.0,0.0,0.0,6.542693956853812e-08,0.0,0.0,0.0,4.798464491362764e-06,0.0,0.0,0.007869138952455938,0.10293176148345844,0.0,0.0,0.03576433986858443,0.7565286211572466,0.0,0.0,0.005876404890649478,0.09088686367556786,2.9625121344497026e-08,0.0,4.798464491362764e-06,1.0119906532592924e-05,0.0,0.0,2.9625121344497026e-08,1.0964424169142471e-05,0.0,0.0,3.1384109491136816e-05,4.676061321111037e-05,0.0,0.0,0.0,0.0,0.0,0.0,0.0,0.0
0.0,6.361847387281322e-07,0.0,0.0,0.0,0.0,0.0,0.0,0.0,0.0,0.0,0.0,0.0,0.0,0.0,0.0,0.0,0.0,0.0,0.0,8.225762297843666e-08,0.0,0.0,0.0,0.0,0.0,0.0,0.0,4.112881148921833e-08,0.0,0.0,0.0,0.0,0.0,0.0,0.0,2.8757668711656443e-06,0.0,0.0,0.0,3.687707799756257e-05,0.0,0.0,0.0,0.14193560622725715,0.0029107120459814263,0.0,0.0,0.7186752133860552,0.027692796123691934,0.0,0.0,0.10001105600205798,0.008705415463473132,0.0,0.0,1.4837615291393292e-05,4.6849069806931546e-08,3.382854718026881e-08,0.0,1.3463945925845707e-05,1.7735591746834845e-07,1.287406894733373e-07,0.0,0.0,0.0,0.0,0.0,0.0,0.0,0.0,0.0
0.0,1.107748558244649e-06,0.0,0.0,0.0,0.0,0.0,0.0,0.0,0.0,0.0,0.0,0.0,0.0,0.0,0.0,0.0,0.0,0.0,0.0,0.0,0.0,0.0,0.0,0.0,0.0,0.0,0.0,0.0,0.0,0.0,0.0,0.0,0.0,0.0,0.0,0.0,0.0,0.0,0.0,8.162465717643987e-06,0.0,0.0,0.0,0.004825425591521626,0.02421809597876958,0.0,0.0,0.023080466249196276,0.9170371495103723,0.0014984585690187933,0.0,0.0006056937559687409,0.0283727792907977,0.00033596702167237825,0.0,5.665830239034579e-08,1.1023705376040639e-06,0.0,7.745693394472673e-06,0.0,7.78909617225045e-06,0.0,0.0,0.0,0.0,0.0,0.0,0.0,0.0,0.0,0.0
0.0,2.4413108862935042e-06,0.0,0.0,0.0,0.0,0.0,0.0,0.0,0.0,0.0,0.0,0.0,0.0,0.0,0.0,0.0,0.0,0.0,0.0,0.0,0.0,0.0,0.0,0.0,0.0,0.0,0.0,0.0,0.0,0.0,0.0,0.0,0.0,6.557136262537245e-07,0.0,0.0,0.0,0.0,6.557136262537245e-07,0.0,0.0,2.7220468201100223e-06,6.590227512638902e-07,0.0,0.0,0.05820699068363617,0.004202032880756864,0.0,0.0008081500582066596,0.8807233588377369,0.014477205785868622,0.0,0.00020434094034920655,0.04021802470179661,0.0011270737028169881,0.0,4.8826217725870085e-06,0.0,3.848370507566204e-08,0.0,0.0,2.0767495644182997e-05,0.0,0.0,0.0,0.0,0.0,0.0,0.0,0.0,0.0
0.0,1.2984314947543368e-05,0.0,6.492157473771684e-06,0.0,0.0,0.0,0.0,0.0,6.492157473771684e-06,0.0,0.0,0.0,0.0,0.0,0.0,0.0,0.0,0.0,0.0,0.0,0.0,6.492157473771684e-06,0.0,7.525913224414303e-08,0.0,6.492157473771684e-06,0.0,0.0,0.0,0.0,0.0,0.0,0.0,0.0,1.2984314947543368e-05,0.0,0.0,1.7044834733282427e-06,1.468879842087161e-05,0.0,0.0,0.0,3.515722925812527e-05,0.0,0.0,0.00600739580365235,0.10711511012793942,0.0,0.0,0.04152419237402343,0.7662625353332996,0.0,0.0,0.006867509235245905,0.0720543381226604,0.0,0.0,0.0,1.820123818226493e-05,0.0,0.0,1.3593289538990967e-05,3.3561445382941613e-05,0.0,0.0,0.0,0.0,0.0,0.0,0.0,0.0
0.0,1.4489057863501483e-07,0.0,0.0,0.0,0.0,0.0,0.0,0.0,0.0,0.0,0.0,0.0,0.0,0.0,0.0,0.0,0.0,0.0,0.0,0.0,0.0,0.0,0.0,0.0,0.0,0.0,0.0,0.0,0.0,0.0,0.0,0.0,0.0,0.0,0.0,0.0,0.0,0.0,0.0,5.75188661881097e-06,0.0,0.0,0.0,1.1456384436335134e-05,0.0,0.0,0.0,0.12230966404401794,0.003379411633444328,0.0,0.0,0.7605184543465543,0.03211802066709807,0.0,0.0,0.07905260336178889,0.002595422559267098,0.0,0.0,1.5841295518838568e-06,7.4860966437409565e-06,0.0,0.0,0.0,0.0,0.0,0.0,0.0,0.0,0.0,0.0
0.0,0.0,0.0,0.0,0.0,0.0,0.0,0.0,0.0,0.0,0.0,0.0,0.0,0.0,0.0,0.0,0.0,0.0,0.0,0.0,3.6452500933184024e-07,0.0,0.0,0.0,0.0,0.0,0.0,0.0,0.0,0.0,0.0,0.0,0.0,0.0,0.0,0.0,6.867829985495143e-07,0.0,0.0,0.0,2.060348995648543e-06,0.0,0.0,0.0,7.146338569798132e-07,6.867829985495143e-07,0.0,0.0,0.006267390596796854,0.028657784927853827,0.00016275139786429954,0.0,0.018988712107007887,0.9074142999316226,0.017548524699140616,0.0,0.000921529962005153,0.018496131377079308,0.0015325201125250014,6.867829985495143e-07,0.0,5.488526257812148e-09,5.14954272060641e-06,0.0,0.0,0.0,0.0,0.0,0.0,0.0,0.0,0.0
0.0,2.104235405023231e-06,0.0,0.0,0.0,0.0,0.0,0.0,0.0,0.0,0.0,0.0,0.0,0.0,0.0,0.0,0.0,0.0,0.0,0.0,0.0,0.0,0.0,0.0,0.0,0.0,0.0,0.0,0.0,0.0,0.0,0.0,0.0,0.0,0.0,0.0,0.0,0.0,0.0,0.0,4.799864835806224e-07,0.0,0.0,0.0,4.799864835806224e-07,0.0,3.064208372184476e-06,2.1636000088621056e-08,0.0,0.00010244826548084338,0.047245607767835957,0.002292406093345706,0.0,0.010730685953015386,0.8991399965400001,0.010027719193665992,0.0,0.000525067054567937,0.02891497921708471,0.0010009411246709031,0.0,0.0,1.3518751104418907e-05,4.799864835806224e-07,0.0,0.0,0.0,0.0,0.0,0.0,0.0,0.0
0.0,4.652069836128049e-08,0.0,0.0,0.0,0.0,0.0,0.0,0.0,0.0,0.0,0.0,0.0,0.0,0.0,0.0,0.0,0.0,0.0,1.193141555077705e-08,0.0,0.0,0.0,0.0,0.0,0.0,4.652069836128049e-08,0.0,0.0,0.0,0.0,0.0,0.0,0.0,0.0,0.0,0.0,0.0,0.0,0.0,0.0,0.0,0.0,2.092820787570319e-06,0.0,0.0,0.0,5.089281419118935e-06,0.0,0.0,0.008302704269072557,0.10830734402323641,0.0,0.0,0.043622164252234835,0.7678135137796946,0.0,0.0,0.00414463157019594,0.06776621076497617,0.0,0.0,4.652069836128049e-08,3.609774487206093e-05,0.0,0.0,0.0,0.0,0.0,0.0,0.0,0.0
0.0,6.383804543226017e-07,0.0,0.0,0.0,0.0,0.0,0.0,0.0,0.0,0.0,0.0,0.0,0.0,0.0,0.0,0.0,6.306913588220098e-08,0.0,0.0,0.0,0.0,0.0,0.0,0.0,0.0,0.0,0.0,0.0,0.0,0.0,0.0,0.0,0.0,0.0,0.0,0.0,0.0,0.0,0.0,0.0,0.0,0.0,0.0,1.2613827176440196e-07,6.306913588220098e-08,0.0,0.0,9.260278118577182e-06,0.0,0.0,0.0,0.12788539956803854,0.005033960757137589,0.0,0.0,0.7419310819516174,0.027489101769793876,0.0,0.0,0.09507900811887447,0.002571296899421675,0.0,0.0,0.0,0.0,0.0,0.0,0.0,0.0,0.0,0.0
0.0,9.749098773260397e-08,7.214983893847154e-09,0.0,0.0,0.0,0.0,0.0,0.0,0.0,0.0,0.0,0.0,0.0,0.0,0.0,0.0,0.0,0.0,0.0,0.0,0.0,0.0,0.0,0.0,0.0,0.0,0.0,7.214983893847154e-09,0.0,0.0,7.214983893847154e-09,0.0,0.0,0.0,1.5751821061732218e-09,0.0,0.0,0.0,0.0,0.0,0.0,0.0,0.0,2.481411527709898e-07,4.741883715961621e-09,4.741883715961621e-09,0.0,1.5751821061732218e-09,7.214983893847154e-09,0.0,0.0,0.002443713332712824,0.035956333340274926,0.0007969885349591659,0.0,0.01140105531863677,0.919405515255316,0.014272855182334527,0.0,0.0009274993786413229,0.014783830938694028,1.1821592222656456e-05,0.0,0.0,0.0,0.0,0.0,0.0,0.0,0.0,0.0
0.0,1.3177751129918913e-06,0.0,2.56647161482394e-05,0.0,0.0,0.0,0.0,0.0,0.0,0.0,0.0,0.0,0.0,0.0,0.0,0.0,0.0,0.0,0.0,0.0,0.0,0.0,0.0,0.0,0.0,0.0,0.0,0.0,0.0,0.0,0.0,0.0,0.0,0.0,0.0,0.0,0.0,0.0,0.0,0.0,0.0,9.289757188042522e-08,0.0,0.0,0.0,1.4237823140942464e-06,1.3109629221929872e-08,2.2700857184367282e-06,0.0,1.959871488652646e-06,2.6408558019179128e-05,0.0,0.0007898615607711824,0.05083842031644184,0.0023123366923033526,0.0,0.01770820183579607,0.8886745557723539,0.008933184819162554,0.0,2.4675835516087716e-05,0.02934324810562123,0.0013163642660310483,0.0,0.0,0.0,0.0,0.0,0.0,0.0,0.0
0.0,9.335707050810852e-06,0.0,0.0,0.0,0.0,0.0,0.0,0.0,0.0,0.0,0.0,0.0,0.0,0.0,0.0,0.0,0.0,0.0,0.0,0.0,0.0,0.0,9.363015340364333e-07,0.0,0.0,9.230542017427263e-06,0.0,0.0,0.0,0.0,0.0,0.0,0.0,0.0,0.0,0.0,0.0,9.230542017427263e-06,0.0,0.0,0.0,0.0,0.0,0.0,0.0,9.230542017427263e-06,1.1456886359383386e-05,0.0,0.0,0.0,1.6977172531090953e-05,0.0,0.0,0.0051626352001937804,0.08618325543788168,0.0,0.0,0.04018557418038442,0.7983756936498441,0.0,0.0,0.0044196069478447415,0.06560683689032368,0.0,0.0,0.0,0.0,0.0,0.0,0.0,0.0
1.0736384058793691e-07,6.681005074834173e-05,0.0,0.0,8.08956769350246e-06,2.0083960595590655e-08,0.0,0.0,0.0,0.0,0.0,0.0,0.0,8.373885268393072e-08,0.0,0.0,1.6747770536786143e-07,8.373885268393072e-08,0.0,0.0,8.373885268393072e-08,1.713960993827121e-05,0.0,0.0,1.6747770536786143e-07,2.621853889971774e-05,0.0,0.0,0.0,0.0,0.0,0.0,0.0,0.0,0.0,8.373885268393072e-08,9.604745512662897e-07,0.0,0.0,0.0,2.5121655805179215e-07,0.0,0.0,0.0,3.4983715986467773e-06,1.0775722696310369e-05,0.0,0.0,7.639770745004074e-06,2.4349384447561165e-06,0.0,0.0,4.38819168484793e-05,1.8512727893355144e-06,0.0,0.0,0.18359730300198218,0.009338687436823026,8.373885268393072e-08,0.0,0.7815878716210065,0.024480927732708317,0.000665075421741497,0.00013970223675144864,0.0,0.0,0.0,0.0,0.0,0.0,0.0,0.0
0.0,2.4723949327421386e-06,0.0,0.0,0.0,0.0,0.0,0.0,0.0,0.0,0.0,0.0,0.0,0.0,0.0,0.0,8.845033874356931e-09,0.0,0.0,0.0,0.0,0.0,0.0,0.0,0.0,2.267481357176729e-07,0.0,0.0,1.7690067748713862e-08,0.0,0.0,0.0,0.0,0.0,0.0,0.0,5.8248337359458414e-08,0.0,0.0,0.0,5.091779114874447e-09,0.0,8.845033874356931e-09,0.0,2.6871769774614264e-07,1.7690067748713862e-08,5.341793312126773e-06,1.3936812989231378e-08,4.816881435353597e-07,4.816881435353597e-07,0.0,0.0,1.3691919970837306e-09,2.4084407176767986e-07,0.0,0.0,0.003954924123278726,0.056982283721142044,9.709460271228003e-05,0.0,0.008101553017111449,0.920930455066097,0.009908304203493638,1.573967540295157e-05,0.0,0.0,0.0,0.0,0.0,0.0,0.0,0.0
0.0,7.93778130102118e-06,2.0946387971344e-08,2.0946387971344e-08,0.0,0.0,0.0,0.0,0.0,0.0,0.0,0.0,0.0,0.0,0.0,0.0,0.0,0.0,1.6527255957216354e-08,0.0,0.0,0.0,2.0946387971344e-08,2.0946387971344e-08,0.0,0.0,2.5773217785935692e-06,0.0,0.0,0.0,0.0,0.0,0.0,0.0,0.0,0.0,2.5737110854883872e-06,0.0,2.5737110854883872e-06,0.0,2.5737110854883872e-06,0.0,0.0,0.0,2.5737110854883872e-06,5.1474221709767745e-06,3.5845269407450612e-06,3.2081724726744323e-06,0.0,6.135149992147009e-07,5.027771082347191e-06,6.135149992147009e-07,6.135149992147009e-07,4.2501105028730745e-06,7.601482167835578e-06,1.2270299984294017e-06,0.0,4.356507952732962e-05,0.10863172185139569,0.002134665388331455,0.0001988469935909856,0.01746366726465902,0.8593721121665835,0.012102623935349137,0.0,0.0,0.0,0.0,0.0,0.0,0.0,0.0
0.0,1.3879653246246749e-05,0.0,1.1666977786074296e-05,0.0,0.0,0.0,0.0,0.0,0.0,0.0,0.0,0.0,0.0,0.0,0.0,0.0,0.0,0.0,0.0,0.0,0.0,1.1666977786074296e-05,9.607107722577471e-07,0.0,0.0,0.0,0.0,0.0,0.0,0.0,0.0,0.0,0.0,0.0,0.0,0.0,0.0,0.0,9.237254067347712e-08,0.0,0.0,0.0,0.0,0.0,0.0,0.00020623898752960762,2.357249062344317e-05,0.0,0.0,1.6333943138523518e-05,2.333395557214859e-05,0.0,0.0,9.333930704898446e-06,0.0,0.0,0.0,0.012331725883398946,0.13079317643672578,6.127089065877785e-05,0.0001726441517829258,0.0469520801785317,0.8093720224592018,0.0,0.0,0.0,0.0,0.0,0.0,0.0,0.0
0.0,0.0,0.0,0.0,0.0,0.0,0.0,0.0,0.0,0.0,0.0,0.0,0.0,0.0,0.0,0.0,0.0,0.0,0.0,0.0,0.0,0.0,0.0,0.0,0.0,0.0,0.0,0.0,0.0,0.0,0.0,0.0,0.0,0.0,0.0,0.0,0.0,0.0,0.0,0.0,0.0,0.0,0.0,0.0,0.0,0.0,0.0,0.0,0.0,0.0,0.0,0.0,0.0,0.0,0.0,0.0,0.0,0.0,0.0,0.0,0.0,0.0,0.0,0.0,0.0,0.0,0.0,0.0,0.0,0.0,0.0,0.0
0.0,0.0,0.0,0.0,0.0,0.0,0.0,0.0,0.0,0.0,0.0,0.0,0.0,0.0,0.0,0.0,0.0,0.0,0.0,0.0,0.0,0.0,0.0,0.0,0.0,0.0,0.0,0.0,0.0,0.0,0.0,0.0,0.0,0.0,0.0,0.0,0.0,0.0,0.0,0.0,0.0,0.0,0.0,0.0,0.0,0.0,0.0,0.0,0.0,0.0,0.0,0.0,0.0,0.0,0.0,0.0,0.0,0.0,0.0,0.0,0.0,0.0,0.0,0.0,0.0,0.0,0.0,0.0,0.0,0.0,0.0,0.0
0.0,0.0,0.0,0.0,0.0,0.0,0.0,0.0,0.0,0.0,0.0,0.0,0.0,0.0,0.0,0.0,0.0,0.0,0.0,0.0,0.0,0.0,0.0,0.0,0.0,0.0,0.0,0.0,0.0,0.0,0.0,0.0,0.0,0.0,0.0,0.0,0.0,0.0,0.0,0.0,0.0,0.0,0.0,0.0,0.0,0.0,0.0,0.0,0.0,0.0,0.0,0.0,0.0,0.0,0.0,0.0,0.0,0.0,0.0,0.0,0.0,0.0,0.0,0.0,0.0,0.0,0.0,0.0,0.0,0.0,0.0,0.0
0.0,0.0,0.0,0.0,0.0,0.0,0.0,0.0,0.0,0.0,0.0,0.0,0.0,0.0,0.0,0.0,0.0,0.0,0.0,0.0,0.0,0.0,0.0,0.0,0.0,0.0,0.0,0.0,0.0,0.0,0.0,0.0,0.0,0.0,0.0,0.0,0.0,0.0,0.0,0.0,0.0,0.0,0.0,0.0,0.0,0.0,0.0,0.0,0.0,0.0,0.0,0.0,0.0,0.0,0.0,0.0,0.0,0.0,0.0,0.0,0.0,0.0,0.0,0.0,0.0,0.0,0.0,0.0,0.0,0.0,0.0,0.0
0.0,0.0,0.0,0.0,0.0,0.0,0.0,0.0,0.0,0.0,0.0,0.0,0.0,0.0,0.0,0.0,0.0,0.0,0.0,0.0,0.0,0.0,0.0,0.0,0.0,0.0,0.0,0.0,0.0,0.0,0.0,0.0,0.0,0.0,0.0,0.0,0.0,0.0,0.0,0.0,0.0,0.0,0.0,0.0,0.0,0.0,0.0,0.0,0.0,0.0,0.0,0.0,0.0,0.0,0.0,0.0,0.0,0.0,0.0,0.0,0.0,0.0,0.0,0.0,0.0,0.0,0.0,0.0,0.0,0.0,0.0,0.0
0.0,0.0,0.0,0.0,0.0,0.0,0.0,0.0,0.0,0.0,0.0,0.0,0.0,0.0,0.0,0.0,0.0,0.0,0.0,0.0,0.0,0.0,0.0,0.0,0.0,0.0,0.0,0.0,0.0,0.0,0.0,0.0,0.0,0.0,0.0,0.0,0.0,0.0,0.0,0.0,0.0,0.0,0.0,0.0,0.0,0.0,0.0,0.0,0.0,0.0,0.0,0.0,0.0,0.0,0.0,0.0,0.0,0.0,0.0,0.0,0.0,0.0,0.0,0.0,0.0,0.0,0.0,0.0,0.0,0.0,0.0,0.0
0.0,0.0,0.0,0.0,0.0,0.0,0.0,0.0,0.0,0.0,0.0,0.0,0.0,0.0,0.0,0.0,0.0,0.0,0.0,0.0,0.0,0.0,0.0,0.0,0.0,0.0,0.0,0.0,0.0,0.0,0.0,0.0,0.0,0.0,0.0,0.0,0.0,0.0,0.0,0.0,0.0,0.0,0.0,0.0,0.0,0.0,0.0,0.0,0.0,0.0,0.0,0.0,0.0,0.0,0.0,0.0,0.0,0.0,0.0,0.0,0.0,0.0,0.0,0.0,0.0,0.0,0.0,0.0,0.0,0.0,0.0,0.0
0.0,0.0,0.0,0.0,0.0,0.0,0.0,0.0,0.0,0.0,0.0,0.0,0.0,0.0,0.0,0.0,0.0,0.0,0.0,0.0,0.0,0.0,0.0,0.0,0.0,0.0,0.0,0.0,0.0,0.0,0.0,0.0,0.0,0.0,0.0,0.0,0.0,0.0,0.0,0.0,0.0,0.0,0.0,0.0,0.0,0.0,0.0,0.0,0.0,0.0,0.0,0.0,0.0,0.0,0.0,0.0,0.0,0.0,0.0,0.0,0.0,0.0,0.0,0.0,0.0,0.0,0.0,0.0,0.0,0.0,0.0,0.0
